{
	"cameraId" : 0,
	"enabled" : true,
	"maxAltitude" : 0,
	"maxPitch" : 360,
	"maxRoll" : 360,
	"maxYaw" : 360,
	"minAltitude" : 0,
	"minPitch" : -360,
	"minRoll" : -360,
	"minYaw" : -360,
	"polygons" : [{
		"array" : [-117.8203506469727,34.04996490478516,-117.8203735351563,34.04978561401367,-117.8203887939453,34.04959869384766,-117.8203430175781,34.04932403564453,-117.8203506469727,34.049072265625,-117.8204727172852,34.04884719848633,-117.8206329345703,34.0486946105957,-117.8208312988281,34.04874801635742,-117.8209686279297,34.04904174804688,-117.8207778930664,34.04928970336914,-117.8206787109375,34.04951095581055,-117.8207015991211,34.04988098144531,-117.8206558227539,34.05002593994141],
		"name" : "VINEYARD",
		"status" : 0
	}]
}
